{"uuid": "047a2e98-e0cb-40de-ba16-7e63e4144777", "codes_info": [{"cmdline_params": ["srun", "/apps/daint/UES/jenkins/7.0.UP02/mc/easybuild/software/QuantumESPRESSO/6.6-CrayIntel-20.08/bin/pw.x", "-ndiag", "1", "-in", "aiida.in"], "stdout_name": "aiida.out", "code_uuid": "18da7084-3625-4330-b893-30e074747a77"}], "local_copy_list": [["a1b60d81-d5a3-4ddb-a31a-d5b608c1ba52", "F.oncvpsp.upf", "./pseudo/F.oncvpsp.upf"], ["9d9d57fc-49e3-4e0c-8c37-4682ccc0fb51", "Si.pbe-n-rrkjus_psl.1.0.0.UPF", "./pseudo/Si.pbe-n-rrkjus_psl.1.0.0.UPF"]], "remote_copy_list": [], "remote_symlink_list": [], "retrieve_list": ["aiida.out", "./out/aiida.save/data-file-schema.xml", "./out/aiida.save/data-file.xml", "_scheduler-stdout.txt", "_scheduler-stderr.txt"], "retrieve_temporary_list": [["./out/aiida.save/K*[0-9]/eigenval*.xml", ".", 2]]}