{"shebang": "#!/bin/bash -l", "submit_as_hold": false, "rerunnable": false, "job_environment": {}, "job_name": "aiida-14662", "sched_output_path": "_scheduler-stdout.txt", "sched_error_path": "_scheduler-stderr.txt", "sched_join_files": false, "prepend_text": "### computer prepend_text start ###\n#SBATCH --partition=normal\n#SBATCH --account=mr0\n#SBATCH --constraint=mc\n#SBATCH --cpus-per-task=1\nexport OMP_NUM_THREADS=$SLURM_CPUS_PER_TASK\nsource $MODULESHOME/init/bash\nmodule load daint-mc\nulimit -s unlimited\n### computer prepend_text end ###\n\n\nmodule load QuantumESPRESSO/6.6-CrayIntel-20.08 \n", "append_text": "", "job_resource": {"num_machines": 1, "num_mpiprocs_per_machine": 36, "num_cores_per_machine": null, "num_cores_per_mpiproc": null, "tot_num_mpiprocs": 36}, "codes_info": [{"cmdline_params": ["srun", "/apps/daint/UES/jenkins/7.0.UP02/mc/easybuild/software/QuantumESPRESSO/6.6-CrayIntel-20.08/bin/pw.x", "-ndiag", "1", "-nk", "4", "-in", "aiida.in"], "stdout_name": "aiida.out", "code_uuid": "18da7084-3625-4330-b893-30e074747a77"}], "codes_run_mode": 0, "import_sys_environment": true, "max_wallclock_seconds": 1800}