{"export_version": "0.10", "aiida_version": "1.5.0", "all_fields_info": {"User": {"last_name": {}, "first_name": {}, "institution": {}, "email": {}}, "Computer": {"transport_type": {}, "hostname": {}, "description": {}, "scheduler_type": {}, "metadata": {}, "uuid": {}, "name": {}}, "Node": {"ctime": {"convert_type": "date"}, "uuid": {}, "mtime": {"convert_type": "date"}, "node_type": {}, "label": {}, "user": {"requires": "User", "related_name": "dbnodes"}, "dbcomputer": {"requires": "Computer", "related_name": "dbnodes"}, "description": {}, "process_type": {}, "extras": {"convert_type": "jsonb"}, "attributes": {"convert_type": "jsonb"}}, "Group": {"description": {}, "user": {"related_name": "dbgroups", "requires": "User"}, "time": {"convert_type": "date"}, "type_string": {}, "uuid": {}, "label": {}, "extras": {"convert_type": "jsonb"}}, "Log": {"uuid": {}, "time": {"convert_type": "date"}, "loggername": {}, "levelname": {}, "message": {}, "metadata": {}, "dbnode": {"related_name": "dblogs", "requires": "Node"}}, "Comment": {"uuid": {}, "ctime": {"convert_type": "date"}, "mtime": {"convert_type": "date"}, "content": {}, "dbnode": {"related_name": "dbcomments", "requires": "Node"}, "user": {"related_name": "dbcomments", "requires": "User"}}}, "unique_identifiers": {"User": "email", "Computer": "uuid", "Node": "uuid", "Group": "uuid", "Log": "uuid", "Comment": "uuid"}, "export_parameters": {"graph_traversal_rules": {"input_calc_forward": false, "input_calc_backward": true, "create_forward": true, "create_backward": true, "return_forward": true, "return_backward": false, "input_work_forward": false, "input_work_backward": true, "call_calc_forward": true, "call_calc_backward": true, "call_work_forward": true, "call_work_backward": true}, "entities_starting_set": {"Node": ["46902624-dbc0-4e33-9ed5-e07ea7ab3ed6"]}, "include_comments": true, "include_logs": true}, "conversion_info": []}